week_index,day_index,Shift,Hour,Avg_PassengersHour_3yr,Avg_BoothsHour_3yr
1,1,00-08,0,116.5,5.5
1,1,00-08,1,233.6666667,5.666666667
1,1,00-08,2,135,4
1,1,00-08,3,188,6
1,1,00-08,4,134,6
1,1,00-08,5,362.6666667,8.666666667
1,1,00-08,6,253.6666667,7.666666667
1,1,00-08,7,279.6666667,12.66666667
1,1,08-16,8,444.3333333,16.33333333
1,1,08-16,9,242,10.66666667
1,1,08-16,10,195,10.33333333
1,1,08-16,11,19,3.5
1,1,08-16,12,435.5,13
1,1,08-16,13,347.6666667,13.66666667
1,1,08-16,14,804,16.33333333
1,1,08-16,15,1329.333333,18.66666667
1,1,16-00,16,824.6666667,18.33333333
1,1,16-00,17,118,8.333333333
1,1,16-00,18,284,12
1,1,16-00,19,896.3333333,11.33333333
1,1,16-00,20,437,10.33333333
1,1,16-00,21,142,6
1,1,16-00,22,371.3333333,6
1,1,16-00,23,164,6.333333333
1,2,00-08,0,168,6
1,2,00-08,1,140.5,6
1,2,00-08,2,201.6666667,4
1,2,00-08,3,63,4
1,2,00-08,4,86,6
1,2,00-08,5,344.3333333,9
1,2,00-08,6,71,8.5
1,2,00-08,7,417.3333333,13
1,2,08-16,8,741,11
1,2,08-16,9,405.6666667,9.666666667
1,2,08-16,10,74.5,8.5
1,2,08-16,11,94.66666667,8
1,2,08-16,12,150,9.5
1,2,08-16,13,445,15.66666667
1,2,08-16,14,810.3333333,16.33333333
1,2,08-16,15,1082,15.66666667
1,2,16-00,16,692,15.33333333
1,2,16-00,17,288,10.66666667
1,2,16-00,18,103.6666667,8.333333333
1,2,16-00,19,760.3333333,13
1,2,16-00,20,385.3333333,11.33333333
1,2,16-00,21,367,6
1,2,16-00,22,195,4.666666667
1,2,16-00,23,161.3333333,4.333333333
1,3,00-08,0,88,4
1,3,00-08,1,123,4.666666667
1,3,00-08,2,142,4
1,3,00-08,3,88.5,3.5
1,3,00-08,4,273,5
1,3,00-08,5,350.5,9
1,3,00-08,6,150,6.5
1,3,00-08,7,591.6666667,14
1,3,08-16,8,414,16.5
1,3,08-16,9,515.6666667,13.33333333
1,3,08-16,10,37.5,6.5
1,3,08-16,11,161,13
1,3,08-16,12,135,10.5
1,3,08-16,13,374.3333333,13.66666667
1,3,08-16,14,483.3333333,14.66666667
1,3,08-16,15,585.6666667,14
1,3,16-00,16,762.5,15.5
1,3,16-00,17,611.5,11.5
1,3,16-00,18,194,6
1,3,16-00,19,561.5,11
1,3,16-00,20,538.5,9
1,3,16-00,21,510,6
1,3,16-00,22,239,5.5
1,3,16-00,23,138.6666667,5.333333333
1,4,00-08,0,58,4
1,4,00-08,1,122.3333333,5
1,4,00-08,2,142,5
1,4,00-08,3,48,4
1,4,00-08,4,137,9
1,4,00-08,5,329.3333333,6.666666667
1,4,00-08,6,133,5.333333333
1,4,00-08,7,435.3333333,13
1,4,08-16,8,183,10.33333333
1,4,08-16,9,313,9.666666667
1,4,08-16,10,22,5
1,4,08-16,11,169,10
1,4,08-16,12,190.6666667,8.666666667
1,4,08-16,13,406,11.66666667
1,4,08-16,14,1054,14.33333333
1,4,08-16,15,894.6666667,16
1,4,16-00,16,662.3333333,15
1,4,16-00,17,169.6666667,9.333333333
1,4,16-00,18,143.3333333,8.333333333
1,4,16-00,19,783.3333333,11.33333333
1,4,16-00,20,503.6666667,10
1,4,16-00,21,206,6
1,4,16-00,22,340,6
1,4,16-00,23,102.6666667,5.666666667
1,5,00-08,0,196.6666667,5.333333333
1,5,00-08,1,95,5.333333333
1,5,00-08,2,159,3
1,5,00-08,3,145,4.5
1,5,00-08,4,98,7
1,5,00-08,5,160.3333333,5.666666667
1,5,00-08,6,461.6666667,7.333333333
1,5,00-08,7,478.5,12.5
1,5,08-16,8,493,14
1,5,08-16,9,384.6666667,9.333333333
1,5,08-16,10,44.66666667,6.666666667
1,5,08-16,11,185,7
1,5,08-16,12,187,9
1,5,08-16,13,608,11
1,5,08-16,14,872.6666667,15
1,5,08-16,15,1385.666667,17.66666667
1,5,16-00,16,744.3333333,18
1,5,16-00,17,290,13
1,5,16-00,18,266,9.333333333
1,5,16-00,19,916,10.33333333
1,5,16-00,20,526.3333333,8.666666667
1,5,16-00,21,378,7
1,5,16-00,22,142.6666667,5.666666667
1,5,16-00,23,192.3333333,6
1,6,00-08,0,153,4.5
1,6,00-08,1,155.6666667,4.333333333
1,6,00-08,2,118.5,4.5
1,6,00-08,3,96.5,3
1,6,00-08,4,220,6
1,6,00-08,5,611.3333333,8.333333333
1,6,00-08,6,321.6666667,8.333333333
1,6,00-08,7,343,13
1,6,08-16,8,317.6666667,13
1,6,08-16,9,442,11
1,6,08-16,10,186,6.333333333
1,6,08-16,11,230,5
1,6,08-16,12,228.6666667,7.666666667
1,6,08-16,13,511.3333333,14.33333333
1,6,08-16,14,1142.333333,16.33333333
1,6,08-16,15,1180.333333,15.33333333
1,6,16-00,16,1196.666667,17
1,6,16-00,17,151,18
1,6,16-00,18,395.6666667,12.33333333
1,6,16-00,19,776.3333333,12.33333333
1,6,16-00,20,903,9.666666667
1,6,16-00,21,473,6
1,6,16-00,22,219.6666667,5.333333333
1,6,16-00,23,202.6666667,6
1,7,00-08,0,255.6666667,5
1,7,00-08,1,255.6666667,5
1,7,00-08,2,140.5,5.5
1,7,00-08,3,102,4.5
1,7,00-08,4,160,4
1,7,00-08,5,170.3333333,6.333333333
1,7,00-08,6,691.6666667,8
1,7,00-08,7,269,14
1,7,08-16,8,790,12.66666667
1,7,08-16,9,240,9.333333333
1,7,08-16,10,163.5,7.5
1,7,08-16,11,243.5,6.5
1,7,08-16,12,154,6.5
1,7,08-16,13,490,11
1,7,08-16,14,909,15
1,7,08-16,15,1311.333333,18.66666667
1,7,16-00,16,945.3333333,18.66666667
1,7,16-00,17,198.3333333,12.33333333
1,7,16-00,18,481.6666667,12.33333333
1,7,16-00,19,558.3333333,11
1,7,16-00,20,1110,9.666666667
1,7,16-00,21,235,6.666666667
1,7,16-00,22,173.6666667,4.333333333
1,7,16-00,23,198,5
2,1,00-08,0,134.5,4.5
2,1,00-08,1,84.5,4.5
2,1,00-08,2,141.3333333,4.333333333
2,1,00-08,3,97,5.5
2,1,00-08,4,200,6
2,1,00-08,5,502.3333333,9.333333333
2,1,00-08,6,432.3333333,9.666666667
2,1,00-08,7,395.3333333,14
2,1,08-16,8,424,12
2,1,08-16,9,270.6666667,10.66666667
2,1,08-16,10,97,9
2,1,08-16,11,158,9
2,1,08-16,12,311.3333333,10.66666667
2,1,08-16,13,419,13
2,1,08-16,14,899.6666667,15.33333333
2,1,08-16,15,1491.333333,15.33333333
2,1,16-00,16,485.6666667,16.33333333
2,1,16-00,17,280,9
2,1,16-00,18,577.3333333,10.33333333
2,1,16-00,19,850.6666667,10.66666667
2,1,16-00,20,694.5,11.5
2,1,16-00,21,222.6666667,9
2,1,16-00,22,189.3333333,5
2,1,16-00,23,364.6666667,7.333333333
2,2,00-08,0,106,6
2,2,00-08,1,94.33333333,5.666666667
2,2,00-08,2,138.3333333,5.666666667
2,2,00-08,3,81.5,5.5
2,2,00-08,4,184,7
2,2,00-08,5,366.6666667,8
2,2,00-08,6,290.3333333,8.333333333
2,2,00-08,7,387.5,14.5
2,2,08-16,8,602,16.5
2,2,08-16,9,334.6666667,12.33333333
2,2,08-16,10,56.33333333,9.333333333
2,2,08-16,11,290,12
2,2,08-16,12,377,14
2,2,08-16,13,317,15.5
2,2,08-16,14,1251.666667,19
2,2,08-16,15,1040,20
2,2,16-00,16,603.3333333,18
2,2,16-00,17,365.5,12
2,2,16-00,18,303.6666667,12.66666667
2,2,16-00,19,616,13
2,2,16-00,20,907.6666667,11.66666667
2,2,16-00,21,84.5,6
2,2,16-00,22,117,5
2,2,16-00,23,231,6.666666667
2,3,00-08,0,172.5,4.5
2,3,00-08,1,95.5,6
2,3,00-08,2,98,4
2,3,00-08,3,160,4.5
2,3,00-08,4,141,6
2,3,00-08,5,352.3333333,8.333333333
2,3,00-08,6,527.6666667,8.666666667
2,3,00-08,7,367,14
2,3,08-16,8,522.6666667,16.66666667
2,3,08-16,9,315,12.33333333
2,3,08-16,10,180.6666667,12.33333333
2,3,08-16,11,205,9
2,3,08-16,12,522,15.5
2,3,08-16,13,224.6666667,14.33333333
2,3,08-16,14,978,17
2,3,08-16,15,1218,17
2,3,16-00,16,947,18
2,3,16-00,17,226,9
2,3,16-00,18,253,8.666666667
2,3,16-00,19,1202.666667,12
2,3,16-00,20,714,8.666666667
2,3,16-00,21,108,6.5
2,3,16-00,22,153.6666667,5.333333333
2,3,16-00,23,137.3333333,4.666666667
2,4,00-08,0,218.5,4
2,4,00-08,1,105.6666667,3.666666667
2,4,00-08,2,140.3333333,4.666666667
2,4,00-08,3,83.5,3.5
2,4,00-08,4,218,6
2,4,00-08,5,436,7.666666667
2,4,00-08,6,253.3333333,8.666666667
2,4,00-08,7,589,12
2,4,08-16,8,649,18.5
2,4,08-16,9,306.3333333,10.66666667
2,4,08-16,10,140,11
2,4,08-16,11,107,8.666666667
2,4,08-16,12,394.5,9.5
2,4,08-16,13,203,14
2,4,08-16,14,1111,18.33333333
2,4,08-16,15,1156,17.66666667
2,4,16-00,16,1018,19.66666667
2,4,16-00,17,623,21.5
2,4,16-00,18,207.3333333,9
2,4,16-00,19,747.3333333,11.66666667
2,4,16-00,20,1000.666667,10.33333333
2,4,16-00,21,234,10
2,4,16-00,22,182.6666667,5.666666667
2,4,16-00,23,177.3333333,5.333333333
2,5,00-08,0,341.5,6.5
2,5,00-08,1,166.6666667,5.333333333
2,5,00-08,2,143,4
2,5,00-08,3,141,5.5
2,5,00-08,4,234,6
2,5,00-08,5,284.6666667,7
2,5,00-08,6,415,9.333333333
2,5,00-08,7,290,13
2,5,08-16,8,746,14.66666667
2,5,08-16,9,333.6666667,11.66666667
2,5,08-16,10,219,10
2,5,08-16,11,119.6666667,9
2,5,08-16,12,216,11
2,5,08-16,13,292.3333333,10
2,5,08-16,14,962,16
2,5,08-16,15,1383,17.33333333
2,5,16-00,16,1164.333333,17
2,5,16-00,17,331,14
2,5,16-00,18,436.5,13
2,5,16-00,19,688.6666667,12.66666667
2,5,16-00,20,989,10.33333333
2,5,16-00,21,262,7.666666667
2,5,16-00,22,279,6
2,5,16-00,23,254.6666667,6
2,6,00-08,0,146,5.333333333
2,6,00-08,1,124.3333333,5.333333333
2,6,00-08,2,143,4
2,6,00-08,3,225,5
2,6,00-08,4,262,6
2,6,00-08,5,378.3333333,6.333333333
2,6,00-08,6,489.3333333,9
2,6,00-08,7,419.5,13.5
2,6,08-16,8,618.5,9.5
2,6,08-16,9,350,9
2,6,08-16,10,233,6.666666667
2,6,08-16,11,115.5,6.5
2,6,08-16,12,280.5,8
2,6,08-16,13,349.6666667,12
2,6,08-16,14,1286.666667,14.66666667
2,6,08-16,15,1223.666667,18.33333333
2,6,16-00,16,948.6666667,19.33333333
2,6,16-00,17,194.3333333,12.33333333
2,6,16-00,18,153.3333333,11.33333333
2,6,16-00,19,730.3333333,12.66666667
2,6,16-00,20,869.3333333,12.33333333
2,6,16-00,21,611.6666667,9.666666667
2,6,16-00,22,392,9
2,6,16-00,23,133,6
2,7,00-08,0,161.6666667,5.666666667
2,7,00-08,1,72.5,4
2,7,00-08,2,177,6
2,7,00-08,3,166.5,5
2,7,00-08,4,148,6
2,7,00-08,5,310,6.5
2,7,00-08,6,394,7.666666667
2,7,00-08,7,606.5,11.5
2,7,08-16,8,335,10.66666667
2,7,08-16,9,187.3333333,9.333333333
2,7,08-16,10,304.6666667,7.666666667
2,7,08-16,11,272,6
2,7,08-16,12,209.6666667,6.666666667
2,7,08-16,13,247.3333333,11.33333333
2,7,08-16,14,862.6666667,12
2,7,08-16,15,1334,13.33333333
2,7,16-00,16,933.6666667,15.33333333
2,7,16-00,17,271.5,14
2,7,16-00,18,245.6666667,9.333333333
2,7,16-00,19,759,11
2,7,16-00,20,909,10
2,7,16-00,21,148.5,7
2,7,16-00,22,322,6.666666667
2,7,16-00,23,129.3333333,4
3,1,00-08,0,124,3
3,1,00-08,1,125,4
3,1,00-08,2,98.5,3
3,1,00-08,3,108,3
3,1,00-08,4,144,3
3,1,00-08,5,332.3333333,6.333333333
3,1,00-08,6,257,6
3,1,00-08,7,307,12
3,1,08-16,8,416,12.5
3,1,08-16,9,214.6666667,8
3,1,08-16,10,301.6666667,8.333333333
3,1,08-16,11,406,10
3,1,08-16,12,516,11
3,1,08-16,13,254.3333333,12.33333333
3,1,08-16,14,1180.666667,15.33333333
3,1,08-16,15,1263.333333,17.33333333
3,1,16-00,16,593.6666667,18.66666667
3,1,16-00,17,246,12.5
3,1,16-00,18,191.5,11.5
3,1,16-00,19,1150,11
3,1,16-00,20,597,9
3,1,16-00,21,484,6
3,1,16-00,22,405.3333333,6.333333333
3,1,16-00,23,239.6666667,6
3,2,00-08,0,130,4
3,2,00-08,1,153.3333333,5.333333333
3,2,00-08,2,230.6666667,5.333333333
3,2,00-08,3,111.3333333,4.666666667
3,2,00-08,4,182,5
3,2,00-08,5,233.3333333,6.666666667
3,2,00-08,6,511.5,10
3,2,00-08,7,588.5,13
3,2,08-16,8,333,12
3,2,08-16,9,185.6666667,7
3,2,08-16,10,208.6666667,6
3,2,08-16,11,178,6
3,2,08-16,12,315,8
3,2,08-16,13,423,12
3,2,08-16,14,998.6666667,16
3,2,08-16,15,1169.333333,17.66666667
3,2,16-00,16,956.3333333,18
3,2,16-00,17,240.5,10.5
3,2,16-00,18,198.6666667,10.33333333
3,2,16-00,19,727,13.66666667
3,2,16-00,20,672.3333333,10.66666667
3,2,16-00,21,191,9
3,2,16-00,22,355,6
3,2,16-00,23,261.5,5.5
3,3,00-08,0,156,6
3,3,00-08,1,252.3333333,4.666666667
3,3,00-08,2,95,5
3,3,00-08,3,160,4
3,3,00-08,4,143,5
3,3,00-08,5,430.5,7
3,3,00-08,6,577.6666667,9.666666667
3,3,00-08,7,560.6666667,16.66666667
3,3,08-16,8,533.3333333,15
3,3,08-16,9,251,9.666666667
3,3,08-16,10,222.6666667,7.333333333
3,3,08-16,11,355,15
3,3,08-16,12,309.5,10
3,3,08-16,13,463.6666667,12.66666667
3,3,08-16,14,1174,14.33333333
3,3,08-16,15,1471,17.66666667
3,3,16-00,16,427,17.33333333
3,3,16-00,17,115,5
3,3,16-00,18,384,11.33333333
3,3,16-00,19,963.3333333,11.33333333
3,3,16-00,20,662,10
3,3,16-00,21,60.5,5.5
3,3,16-00,22,376.6666667,6.333333333
3,3,16-00,23,296,5.666666667
3,4,00-08,0,268,5
3,4,00-08,1,209.3333333,4.666666667
3,4,00-08,2,144.5,3.5
3,4,00-08,3,157.5,4
3,4,00-08,4,218,6
3,4,00-08,5,485.6666667,7
3,4,00-08,6,261.6666667,7
3,4,00-08,7,665.6666667,13.66666667
3,4,08-16,8,522,10
3,4,08-16,9,212.6666667,8
3,4,08-16,10,379.6666667,9.333333333
3,4,08-16,11,63,5
3,4,08-16,12,411.6666667,10.33333333
3,4,08-16,13,347.3333333,11.66666667
3,4,08-16,14,1177.666667,14.66666667
3,4,08-16,15,1740.666667,20.33333333
3,4,16-00,16,760,19.66666667
3,4,16-00,17,485,12
3,4,16-00,18,302,9.666666667
3,4,16-00,19,1242,11.66666667
3,4,16-00,20,484,10
3,4,16-00,21,191.5,5
3,4,16-00,22,254.3333333,6.333333333
3,4,16-00,23,226.6666667,5
3,5,00-08,0,135,4
3,5,00-08,1,253.6666667,5.333333333
3,5,00-08,2,145,5
3,5,00-08,3,159,4.5
3,5,00-08,4,226,6
3,5,00-08,5,369,7.333333333
3,5,00-08,6,363,8.333333333
3,5,00-08,7,765.5,14
3,5,08-16,8,697.5,12
3,5,08-16,9,131,8
3,5,08-16,10,592.6666667,10
3,5,08-16,11,153,8.5
3,5,08-16,12,228,14
3,5,08-16,13,384.6666667,10.33333333
3,5,08-16,14,1178,14.66666667
3,5,08-16,15,1793,19.33333333
3,5,16-00,16,532.3333333,16.33333333
3,5,16-00,17,321,14.5
3,5,16-00,18,430.6666667,11.33333333
3,5,16-00,19,935.3333333,13.66666667
3,5,16-00,20,934.3333333,11
3,5,16-00,21,174,5
3,5,16-00,22,317.5,4.5
3,5,16-00,23,263.6666667,5.333333333
3,6,00-08,0,140.5,4
3,6,00-08,1,215.3333333,4.333333333
3,6,00-08,2,230.5,3.5
3,6,00-08,3,315,6
3,6,00-08,4,532,8
3,6,00-08,5,730.6666667,8.666666667
3,6,00-08,6,251.6666667,8
3,6,00-08,7,307,10
3,6,08-16,8,692.6666667,14
3,6,08-16,9,465.5,9
3,6,08-16,10,348,7
3,6,08-16,11,291.3333333,6.333333333
3,6,08-16,12,504,7
3,6,08-16,13,386.3333333,9.666666667
3,6,08-16,14,1360.333333,15.33333333
3,6,08-16,15,1846,19
3,6,16-00,16,676.6666667,19.66666667
3,6,16-00,17,395,17
3,6,16-00,18,392.3333333,12.66666667
3,6,16-00,19,1005.333333,13
3,6,16-00,20,913.6666667,11.33333333
3,6,16-00,21,445,11
3,6,16-00,22,456.3333333,5.333333333
3,6,16-00,23,311,6.5
3,7,00-08,0,216,4
3,7,00-08,1,265.3333333,4.666666667
3,7,00-08,2,217,5.333333333
3,7,00-08,3,151,4.5
3,7,00-08,4,166,6
3,7,00-08,5,558.6666667,6.666666667
3,7,00-08,6,396.6666667,7.666666667
3,7,00-08,7,408.5,12.5
3,7,08-16,8,690.3333333,13.66666667
3,7,08-16,9,843.5,11
3,7,08-16,10,232.6666667,9
3,7,08-16,11,169,6.5
3,7,08-16,12,276,8.5
3,7,08-16,13,405,10.33333333
3,7,08-16,14,1219,12.66666667
3,7,08-16,15,1905.666667,20
3,7,16-00,16,583.6666667,18.66666667
3,7,16-00,17,653,19
3,7,16-00,18,435.6666667,14
3,7,16-00,19,1046.666667,13.33333333
3,7,16-00,20,883.6666667,13.66666667
3,7,16-00,21,284.3333333,10
3,7,16-00,22,484.6666667,7.333333333
3,7,16-00,23,313,5.5
4,1,00-08,0,139,5
4,1,00-08,1,236.5,6
4,1,00-08,2,315,5
4,1,00-08,3,230,5.5
4,1,00-08,4,154,7
4,1,00-08,5,366,6.333333333
4,1,00-08,6,439,8.666666667
4,1,00-08,7,650.5,11.5
4,1,08-16,8,584,17.5
4,1,08-16,9,262.6666667,10
4,1,08-16,10,406.3333333,10
4,1,08-16,11,406.3333333,10
4,1,08-16,12,417.3333333,11.66666667
4,1,08-16,13,507.3333333,13.33333333
4,1,08-16,14,1304.333333,15.66666667
4,1,08-16,15,1600,17.66666667
4,1,16-00,16,1055,18
4,1,16-00,17,221,9.5
4,1,16-00,18,477,9.666666667
4,1,16-00,19,1247.333333,12.66666667
4,1,16-00,20,800.3333333,10.33333333
4,1,16-00,21,342.3333333,8.666666667
4,1,16-00,22,311.6666667,6.666666667
4,1,16-00,23,240,7.333333333
4,2,00-08,0,156,6
4,2,00-08,1,215.6666667,6.333333333
4,2,00-08,2,233,6
4,2,00-08,3,340,6
4,2,00-08,4,340,6
4,2,00-08,5,327.6666667,7.666666667
4,2,00-08,6,555,7.666666667
4,2,00-08,7,364,17
4,2,08-16,8,776.3333333,18.66666667
4,2,08-16,9,207.3333333,11.66666667
4,2,08-16,10,392.6666667,11
4,2,08-16,11,117,11.5
4,2,08-16,12,151,9
4,2,08-16,13,383.6666667,9.666666667
4,2,08-16,14,1602.333333,18
4,2,08-16,15,1263.666667,17.66666667
4,2,16-00,16,1218.666667,21
4,2,16-00,17,174.5,18
4,2,16-00,18,259.3333333,10.33333333
4,2,16-00,19,987.3333333,11.66666667
4,2,16-00,20,876.6666667,10.66666667
4,2,16-00,21,193.5,8.5
4,2,16-00,22,330.6666667,8
4,2,16-00,23,151.3333333,6
4,3,00-08,0,155,6
4,3,00-08,1,265.6666667,5.666666667
4,3,00-08,2,231,6
4,3,00-08,3,160,3
4,3,00-08,4,148,6
4,3,00-08,5,296.5,7
4,3,00-08,6,618.6666667,8
4,3,00-08,7,296,10.5
4,3,08-16,8,658.3333333,17
4,3,08-16,9,700.6666667,13.33333333
4,3,08-16,10,377.6666667,11
4,3,08-16,11,159.5,8
4,3,08-16,12,340.5,8.5
4,3,08-16,13,397.6666667,13.33333333
4,3,08-16,14,1235.333333,16.33333333
4,3,08-16,15,1302.333333,15
4,3,16-00,16,1163,15
4,3,16-00,17,61,9
4,3,16-00,18,427.3333333,14
4,3,16-00,19,815,13.66666667
4,3,16-00,20,1030.333333,13
4,3,16-00,21,326.3333333,8
4,3,16-00,22,228.3333333,6.666666667
4,3,16-00,23,266,5.333333333
4,4,00-08,0,148,4
4,4,00-08,1,172.6666667,5.666666667
4,4,00-08,2,157.3333333,5.666666667
4,4,00-08,3,163.5,5
4,4,00-08,4,397,6
4,4,00-08,5,463.3333333,8
4,4,00-08,6,371.3333333,9
4,4,00-08,7,363.5,13
4,4,08-16,8,663,12.66666667
4,4,08-16,9,203.6666667,11.66666667
4,4,08-16,10,509.3333333,13
4,4,08-16,11,371,12
4,4,08-16,12,287.5,10.5
4,4,08-16,13,565,15.33333333
4,4,08-16,14,828,18
4,4,08-16,15,1493.666667,16.66666667
4,4,16-00,16,1444,18
4,4,16-00,17,244,12
4,4,16-00,18,365.6666667,13.33333333
4,4,16-00,19,947,13.33333333
4,4,16-00,20,764.6666667,12
4,4,16-00,21,326,7
4,4,16-00,22,308.3333333,7.666666667
4,4,16-00,23,269.6666667,6.666666667
4,5,00-08,0,276,4
4,5,00-08,1,220.6666667,4.333333333
4,5,00-08,2,241,5
4,5,00-08,3,330,5
4,5,00-08,4,276,6
4,5,00-08,5,243,6.666666667
4,5,00-08,6,582.3333333,7.666666667
4,5,00-08,7,764,12
4,5,08-16,8,878.6666667,15
4,5,08-16,9,551.6666667,12
4,5,08-16,10,393,13
4,5,08-16,11,173,11
4,5,08-16,12,315.5,11
4,5,08-16,13,519,10.5
4,5,08-16,14,1172.333333,16.66666667
4,5,08-16,15,1678,17
4,5,16-00,16,755.3333333,17
4,5,16-00,17,410.5,10.5
4,5,16-00,18,349,11.33333333
4,5,16-00,19,765,12.66666667
4,5,16-00,20,896.6666667,12
4,5,16-00,21,225,7.5
4,5,16-00,22,516,7.5
4,5,16-00,23,242,6.5
4,6,00-08,0,159,6
4,6,00-08,1,231.3333333,4.666666667
4,6,00-08,2,164,4
4,6,00-08,3,327,5.5
4,6,00-08,4,516,8
4,6,00-08,5,616.6666667,8
4,6,00-08,6,340,9.333333333
4,6,00-08,7,556.5,14
4,6,08-16,8,748,14.5
4,6,08-16,9,553,12.66666667
4,6,08-16,10,179.5,8
4,6,08-16,11,176,7
4,6,08-16,12,320,9.666666667
4,6,08-16,13,435.3333333,12
4,6,08-16,14,1644,17
4,6,08-16,15,1138.666667,19
4,6,16-00,16,819.3333333,18
4,6,16-00,17,489,16.5
4,6,16-00,18,253.6666667,10.33333333
4,6,16-00,19,1287.333333,13.66666667
4,6,16-00,20,789.3333333,11
4,6,16-00,21,250,10.66666667
4,6,16-00,22,453.3333333,8.666666667
4,6,16-00,23,379.3333333,8.666666667
4,7,00-08,0,155,5
4,7,00-08,1,281.6666667,5.333333333
4,7,00-08,2,136.5,4
4,7,00-08,3,262.5,6.5
4,7,00-08,4,174,8
4,7,00-08,5,571.3333333,8.333333333
4,7,00-08,6,378.3333333,8.666666667
4,7,00-08,7,601.5,13.5
4,7,08-16,8,644.6666667,16
4,7,08-16,9,439.6666667,9.333333333
4,7,08-16,10,451.6666667,8
4,7,08-16,11,379,8
4,7,08-16,12,324.5,8.5
4,7,08-16,13,402.6666667,12.66666667
4,7,08-16,14,1242.666667,16
4,7,08-16,15,1815.666667,17.66666667
4,7,16-00,16,707.6666667,21.33333333
4,7,16-00,17,294.5,12.5
4,7,16-00,18,483.3333333,12.33333333
4,7,16-00,19,957,12.66666667
4,7,16-00,20,875.3333333,11.33333333
4,7,16-00,21,312,9
4,7,16-00,22,315,6.666666667
4,7,16-00,23,148,7
5,1,00-08,0,161,4.5
5,1,00-08,1,220.6666667,4.333333333
5,1,00-08,2,241,4.5
5,1,00-08,3,179,4
5,1,00-08,4,153,5
5,1,00-08,5,580,10
5,1,00-08,6,465.6666667,8.666666667
5,1,00-08,7,354.6666667,12
5,1,08-16,8,920.5,16
5,1,08-16,9,291.3333333,9.333333333
5,1,08-16,10,229,10.33333333
5,1,08-16,11,354,12
5,1,08-16,12,423.6666667,12.66666667
5,1,08-16,13,544,14.66666667
5,1,08-16,14,1154.333333,17.33333333
5,1,08-16,15,1254,18.33333333
5,1,16-00,16,882.6666667,18
5,1,16-00,17,295,15
5,1,16-00,18,406.6666667,10.33333333
5,1,16-00,19,762.6666667,14.66666667
5,1,16-00,20,615.3333333,14
5,1,16-00,21,189.3333333,6
5,1,16-00,22,255,7
5,1,16-00,23,539.3333333,8.333333333
5,2,00-08,0,159,5.5
5,2,00-08,1,257,5.666666667
5,2,00-08,2,234.5,4.5
5,2,00-08,3,336,7
5,2,00-08,4,302.5,6
5,2,00-08,5,209.6666667,5.666666667
5,2,00-08,6,417,8.666666667
5,2,00-08,7,283.5,12.5
5,2,08-16,8,685.3333333,15.66666667
5,2,08-16,9,478.5,11.5
5,2,08-16,10,367.6666667,8.666666667
5,2,08-16,11,94.5,7
5,2,08-16,12,265.5,10.5
5,2,08-16,13,425,16.66666667
5,2,08-16,14,1037.666667,17.66666667
5,2,08-16,15,1403,17.33333333
5,2,16-00,16,803.3333333,18.33333333
5,2,16-00,17,168.6666667,12.33333333
5,2,16-00,18,472.6666667,13
5,2,16-00,19,459.3333333,12.66666667
5,2,16-00,20,240.3333333,11.66666667
5,2,16-00,21,496,9
5,2,16-00,22,258,5.5
5,2,16-00,23,335,7.666666667
5,3,00-08,0,165,5
5,3,00-08,1,239,5.5
5,3,00-08,2,165.3333333,6
5,3,00-08,3,325,5.5
5,3,00-08,4,169,5
5,3,00-08,5,260,9
5,3,00-08,6,574.3333333,8.333333333
5,3,00-08,7,379,15
5,3,08-16,8,742.6666667,17.66666667
5,3,08-16,9,315,10.66666667
5,3,08-16,10,322,11.33333333
5,3,08-16,11,460,9
5,3,08-16,12,152,9
5,3,08-16,13,408,14
5,3,08-16,14,921,16
5,3,08-16,15,1149.666667,17
5,3,16-00,16,578.3333333,17.66666667
5,3,16-00,17,466,12
5,3,16-00,18,521.3333333,10.66666667
5,3,16-00,19,549.6666667,12.33333333
5,3,16-00,20,696.6666667,11.66666667
5,3,16-00,21,242.5,8
5,3,16-00,22,484.6666667,6.333333333
5,3,16-00,23,306,5
5,4,00-08,0,165,4
5,4,00-08,1,233.6666667,4.666666667
5,4,00-08,2,146,4
5,4,00-08,3,333,5.5
5,4,00-08,4,256,7
5,4,00-08,5,486,7.333333333
5,4,00-08,6,166,7
5,4,00-08,7,401.5,15.5
5,4,08-16,8,655,17.66666667
5,4,08-16,9,320.6666667,10
5,4,08-16,10,253.5,11
5,4,08-16,11,172,15
5,4,08-16,12,326,11.66666667
5,4,08-16,13,632,14
5,4,08-16,14,1002.333333,16.66666667
5,4,08-16,15,1064,16.33333333
5,4,16-00,16,1074.333333,18.66666667
5,4,16-00,17,543,20
5,4,16-00,18,97.5,10
5,4,16-00,19,657.3333333,12.33333333
5,4,16-00,20,419,11.66666667
5,4,16-00,21,334,11
5,4,16-00,22,289,6
5,4,16-00,23,213,6
5,5,00-08,0,288,5
5,5,00-08,1,172.3333333,5
5,5,00-08,2,178,5
5,5,00-08,3,241.5,4.5
5,5,00-08,4,175,5
5,5,00-08,5,173,7
5,5,00-08,6,310.6666667,7
5,5,00-08,7,598,11
5,5,08-16,8,957.6666667,16.66666667
5,5,08-16,9,731,17
5,5,08-16,10,222.3333333,8.666666667
5,5,08-16,11,687,9
5,5,08-16,12,183,9.666666667
5,5,08-16,13,286.3333333,11.66666667
5,5,08-16,14,840.3333333,15.66666667
5,5,08-16,15,1618.666667,20.66666667
5,5,16-00,16,608,18.66666667
5,5,16-00,17,331,14.33333333
5,5,16-00,18,338.6666667,11
5,5,16-00,19,711,13
5,5,16-00,20,440.6666667,12.33333333
5,5,16-00,21,283.6666667,8.666666667
5,5,16-00,22,354,6
5,5,16-00,23,237,6.5
5,6,00-08,0,150,4
5,6,00-08,1,256.5,4.5
5,6,00-08,2,153,3.666666667
5,6,00-08,3,166,4.666666667
5,6,00-08,4,338,6
5,6,00-08,5,603.3333333,7
5,6,00-08,6,199.3333333,6.333333333
5,6,00-08,7,163,6
5,6,08-16,8,882,12.66666667
5,6,08-16,9,534,10
5,6,08-16,10,172,6
5,6,08-16,11,469,8
5,6,08-16,12,83,5.5
5,6,08-16,13,506,12.66666667
5,6,08-16,14,1027.333333,14.33333333
5,6,08-16,15,937.6666667,15.66666667
5,6,16-00,16,1290.666667,18.66666667
5,6,16-00,17,302.3333333,14
5,6,16-00,18,726.5,11.5
5,6,16-00,19,671.6666667,13.33333333
5,6,16-00,20,988.3333333,12.33333333
5,6,16-00,21,152.5,8
5,6,16-00,22,336.5,5.5
5,6,16-00,23,340.3333333,6
5,7,00-08,0,228.6666667,4.333333333
5,7,00-08,1,228.6666667,4.333333333
5,7,00-08,2,255,4.5
5,7,00-08,3,340,5
5,7,00-08,4,340,5
5,7,00-08,5,369.6666667,6.666666667
5,7,00-08,6,330.6666667,8.666666667
5,7,00-08,7,369.5,13.5
5,7,08-16,8,877.6666667,17
5,7,08-16,9,450.3333333,11.66666667
5,7,08-16,10,348.5,9
5,7,08-16,11,168,8
5,7,08-16,12,226.5,7
5,7,08-16,13,526.6666667,11.33333333
5,7,08-16,14,882.3333333,16.33333333
5,7,08-16,15,1461.333333,17.66666667
5,7,16-00,16,595.3333333,18.33333333
5,7,16-00,17,739.5,15.5
5,7,16-00,18,358,11
5,7,16-00,19,881.5,13
5,7,16-00,20,648.3333333,15
5,7,16-00,21,326,10.33333333
5,7,16-00,22,334,7.333333333
5,7,16-00,23,257.3333333,6.666666667